<?xml version="1.0" encoding="UTF-8"?>
<!DOCTYPE mapper PUBLIC "-//mybatis.org//DTD Mapper 3.0//EN" "http://mybatis.org/dtd/mybatis-3-mapper.dtd">

<mapper namespace="io.renren.modules.takeout.dao.OrderDetailsDao">

    <resultMap type="io.renren.modules.takeout.entity.OrderDetailsEntity" id="orderDetailsMap">
        <result property="id" column="id"/>
        <result property="orderId" column="order_id"/>
        <result property="dishId" column="dish_id"/>
        <result property="quantity" column="quantity"/>
        <result property="unitPrice" column="unit_price"/>
        <result property="subTotal" column="sub_total"/>
    </resultMap>


</mapper>