<?xml version="1.0" encoding="UTF-8"?>
<!DOCTYPE mapper PUBLIC "-//mybatis.org//DTD Mapper 3.0//EN" "http://mybatis.org/dtd/mybatis-3-mapper.dtd">

<mapper namespace="io.renren.modules.takeout.dao.SystemDictionaryDao">

    <resultMap type="io.renren.modules.takeout.entity.SystemDictionaryEntity" id="systemDictionaryMap">
        <result property="dictionaryId" column="dictionary_id"/>
        <result property="dictionaryType" column="dictionary_type"/>
        <result property="dictionaryKey" column="dictionary_key"/>
        <result property="dictionaryValue" column="dictionary_value"/>
        <result property="displayOrder" column="display_order"/>
        <result property="isEnabled" column="is_enabled"/>
        <result property="createdAt" column="created_at"/>
        <result property="updatedAt" column="updated_at"/>
    </resultMap>


</mapper>