<?xml version="1.0" encoding="UTF-8"?>
<!DOCTYPE mapper PUBLIC "-//mybatis.org//DTD Mapper 3.0//EN" "http://mybatis.org/dtd/mybatis-3-mapper.dtd">

<mapper namespace="io.renren.modules.takeout.dao.UserDao">

    <resultMap type="io.renren.modules.takeout.entity.UserEntity" id="userMap">
        <result property="id" column="id"/>
        <result property="studentId" column="student_id"/>
        <result property="username" column="username"/>
        <result property="password" column="password"/>
        <result property="name" column="name"/>
        <result property="gender" column="gender"/>
        <result property="point" column="point"/>
        <result property="phone" column="phone"/>
        <result property="email" column="email"/>
        <result property="avatar" column="avatar"/>
        <result property="role" column="role"/>
        <result property="regDate" column="reg_date"/>
        <result property="lastLogin" column="last_login"/>
        <result property="status" column="status"/>
    </resultMap>


</mapper>