<?xml version="1.0" encoding="UTF-8"?>
<!DOCTYPE mapper PUBLIC "-//mybatis.org//DTD Mapper 3.0//EN" "http://mybatis.org/dtd/mybatis-3-mapper.dtd">

<mapper namespace="io.renren.modules.takeout.dao.OrdersDao">

    <resultMap type="io.renren.modules.takeout.entity.OrdersEntity" id="ordersMap">
        <result property="id" column="id"/>
        <result property="userId" column="user_id"/>
        <result property="dishId" column="dish_id"/>
        <result property="quantity" column="quantity"/>
        <result property="orderTime" column="order_time"/>
        <result property="totalPrice" column="total_price"/>
        <result property="status" column="status"/>
        <result property="payMethod" column="pay_method"/>
        <result property="address" column="address"/>
        <result property="delTime" column="del_time"/>
        <result property="delStatus" column="del_status"/>
    </resultMap>


</mapper>