<?xml version="1.0" encoding="UTF-8"?>
<!DOCTYPE mapper PUBLIC "-//mybatis.org//DTD Mapper 3.0//EN" "http://mybatis.org/dtd/mybatis-3-mapper.dtd">

<mapper namespace="io.renren.modules.takeout.dao.PointsDao">

    <resultMap type="io.renren.modules.takeout.entity.PointsEntity" id="pointsMap">
        <result property="id" column="id"/>
        <result property="userId" column="user_id"/>
        <result property="amount" column="amount"/>
        <result property="type" column="type"/>
        <result property="time" column="time"/>
        <result property="orderId" column="order_id"/>
    </resultMap>


</mapper>