<?xml version="1.0" encoding="UTF-8"?>
<!DOCTYPE mapper PUBLIC "-//mybatis.org//DTD Mapper 3.0//EN" "http://mybatis.org/dtd/mybatis-3-mapper.dtd">

<mapper namespace="io.renren.modules.takeout.dao.EvaluationDao">

    <resultMap type="io.renren.modules.takeout.entity.EvaluationEntity" id="evaluationMap">
        <result property="id" column="id"/>
        <result property="dishId" column="dish_id"/>
        <result property="userId" column="user_id"/>
        <result property="rating" column="rating"/>
        <result property="comment" column="comment"/>
        <result property="evalTime" column="eval_time"/>
    </resultMap>


</mapper>