<?xml version="1.0" encoding="UTF-8"?>
<!DOCTYPE mapper PUBLIC "-//mybatis.org//DTD Mapper 3.0//EN" "http://mybatis.org/dtd/mybatis-3-mapper.dtd">

<mapper namespace="io.renren.modules.takeout.dao.DeliveryDao">

    <resultMap type="io.renren.modules.takeout.entity.DeliveryEntity" id="deliveryMap">
        <result property="id" column="id"/>
        <result property="orderId" column="order_id"/>
        <result property="personId" column="person_id"/>
        <result property="startTime" column="start_time"/>
        <result property="endTime" column="end_time"/>
        <result property="status" column="status"/>
        <result property="address" column="address"/>
    </resultMap>


</mapper>